"","V1","V2","V3","V4","V5","V6","V7","V8","V9","V10","V11","V12","V13","V14","V15","V16"
"1",31,47,17,50,57,46,54,60,9,58,25,56,5,12,11,38
"2",9,28,28,46,49,56,56,56,32,52,33,37,9,2,40,20
"3",11,16,21,19,64,56,43,64,26,58,29,57,4,20,6,17
"4",13,40,26,39,65,61,62,63,38,62,43,26,11,24,48,26
"5",15,37,18,39,58,64,48,63,28,2,2,51,4,26,5,33
"6",33,32,40,47,59,52,55,64,13,44,43,57,7,10,13,25
"7",13,27,30,39,65,48,27,58,6,64,65,23,4,14,17,44
"8",27,39,32,49,59,64,62,57,51,45,52,39,52,34,49,48
"9",43,39,36,40,65,32,38,55,18,58,19,3,23,9,36,42
"10",7,32,12,16,62,39,54,58,14,52,23,14,3,16,7,31
"11",48,30,18,36,59,55,50,64,8,3,6,51,43,11,38,44
"12",1,48,29,26,63,31,55,58,11,60,17,9,10,16,45,31
"13",50,31,39,51,61,63,53,62,14,59,32,19,7,21,43,27
"14",21,62,39,28,65,42,39,63,17,58,30,24,6,15,42,26
"15",1,3,20,29,65,54,54,61,11,47,40,59,4,5,5,19
"16",30,45,32,28,51,2,48,56,14,48,35,27,9,24,16,27
"17",1,3,22,34,56,52,36,60,19,51,37,23,2,2,9,29
"18",26,22,25,41,57,58,52,60,22,49,23,33,24,24,38,19
"19",31,2,1,30,61,59,57,54,10,58,36,8,3,18,16,41
"20",41,31,41,33,44,47,40,64,18,51,5,6,7,9,9,38
"21",15,1,8,37,63,41,40,62,18,49,48,11,7,30,17,27
"22",30,42,26,53,65,61,58,64,17,6,46,40,23,33,20,32
"23",49,31,33,44,42,53,50,36,10,54,35,47,46,13,30,37
"24",32,38,34,18,62,45,46,64,9,55,45,42,6,13,10,23
"25",8,21,20,35,63,48,35,54,8,52,11,6,4,15,12,22
"26",23,36,29,36,64,59,59,64,24,45,37,54,3,34,5,11
"27",37,29,39,46,60,47,49,57,13,53,50,23,18,22,39,53
"28",15,50,48,14,60,46,48,57,18,55,23,9,5,21,5,13
"29",62,49,46,38,60,63,51,59,24,55,36,50,7,25,29,40
"30",50,37,1,2,65,63,63,65,52,53,58,27,20,27,44,60
"31",60,38,30,46,59,55,60,64,25,57,36,31,17,31,8,3
"32",21,31,25,51,46,30,42,64,16,33,38,47,51,17,11,23
"33",49,46,29,31,65,65,62,65,10,60,41,50,19,33,24,35
"34",14,26,35,30,60,61,33,62,15,51,30,40,16,28,13,25
"35",52,27,17,36,63,32,32,49,7,43,32,59,5,7,5,12
"36",27,30,4,53,40,44,49,20,4,52,23,50,23,2,8,28
"37",56,45,36,38,63,62,60,65,15,56,32,21,12,29,7,42
"38",43,45,17,30,55,64,43,50,13,47,12,11,2,13,10,12
"39",14,33,43,50,44,29,61,65,19,63,44,46,13,24,53,32
"40",14,17,25,20,63,35,38,56,10,50,17,44,6,13,5,16
"41",31,39,62,54,61,59,48,1,29,63,40,25,12,21,52,28
"42",6,19,25,18,64,47,33,42,35,59,45,6,19,19,29,45
"43",34,33,35,40,48,55,50,62,11,36,20,24,17,20,52,35
"44",42,44,36,51,60,56,58,63,36,58,26,52,11,53,12,27
"45",24,20,33,39,44,50,47,64,12,44,13,22,6,12,7,26
"46",24,51,27,59,60,62,56,63,16,56,46,46,4,1,1,65
"47",35,18,23,37,65,63,47,64,35,61,49,18,13,31,37,38
"48",27,32,4,38,57,12,39,60,10,54,22,14,3,18,6,13
"49",46,28,23,58,65,50,61,49,38,52,47,36,49,26,52,27
"50",17,27,9,31,57,48,40,51,12,44,35,25,19,19,19,16
"51",26,10,24,13,63,63,41,61,13,52,47,63,5,22,24,27
"52",17,40,33,19,64,39,57,64,28,56,28,13,10,19,50,48
"53",17,33,43,49,62,44,48,49,12,61,14,9,18,20,12,25
"54",45,39,26,29,52,59,61,62,20,57,44,62,17,15,9,24
"55",10,29,21,20,51,41,47,61,5,51,22,14,7,12,6,28
"56",2,21,37,33,56,60,58,59,16,58,37,51,22,13,11,46
"57",13,2,30,26,3,51,44,49,21,59,33,53,39,18,9,33
"58",20,28,49,46,57,63,44,58,26,46,22,30,14,58,27,47
"59",26,43,19,28,63,11,1,64,40,63,53,6,8,12,18,37
"60",19,24,20,21,57,40,24,41,15,50,27,19,7,8,25,19
"61",14,34,15,17,38,46,41,22,29,47,15,27,24,26,8,28
"62",10,48,41,9,17,6,22,25,4,6,4,4,4,5,4,12
"63",23,23,14,33,4,1,1,2,4,2,7,6,29,61,3,21
"64",19,13,10,41,36,26,34,35,12,15,12,18,5,6,12,11
"65",9,44,31,29,52,59,59,63,12,59,25,63,6,20,38,35
"66",35,26,26,27,50,61,54,61,17,48,35,35,6,10,28,25
"67",6,30,34,8,49,28,21,32,27,6,10,36,13,28,4,46
"68",46,26,20,45,51,51,51,62,39,56,44,55,30,17,14,45
"69",15,18,17,39,62,32,50,48,12,52,47,59,7,9,6,13
"70",39,23,15,46,15,1,1,1,3,3,2,14,8,7,7,23
"71",22,51,23,30,38,32,45,38,15,6,4,23,6,17,25,41
"72",31,37,38,43,56,48,38,59,19,56,48,40,19,36,29,36
"73",10,32,48,55,56,59,63,65,32,60,25,56,2,22,52,29
"74",54,35,34,41,63,33,17,46,13,59,31,47,5,32,12,35
"75",56,35,14,54,64,49,48,62,11,54,37,6,5,17,7,15
"76",21,24,25,21,65,39,43,63,21,52,41,34,4,2,2,5
"77",52,24,21,16,40,60,17,53,17,45,30,51,6,17,8,20
"78",45,28,34,42,64,40,57,59,24,55,46,29,52,41,27,44
"79",13,37,32,32,29,31,52,52,16,57,16,21,5,2,12,2
"80",13,17,13,47,61,28,37,46,8,46,47,14,20,14,7,18
"81",30,47,29,38,50,43,41,47,20,8,37,20,23,22,43,34
"82",16,31,39,47,58,58,29,61,4,43,26,2,7,2,1,2
"83",18,27,26,16,52,51,42,44,14,39,38,25,30,18,44,28
"84",25,32,29,39,63,23,50,57,29,57,38,13,4,27,10,22
"85",15,27,34,40,48,31,38,62,19,61,26,3,2,2,2,4
"86",57,43,50,55,65,63,64,65,39,58,44,28,26,39,50,56
"87",8,34,21,23,62,52,45,51,7,55,31,14,3,13,11,22
"88",44,55,58,23,64,61,46,60,21,56,25,26,48,22,14,21
"89",38,24,25,15,60,51,52,64,11,49,34,5,8,8,1,1
"90",2,29,41,32,48,38,40,42,43,52,45,33,14,17,3,65
"91",17,26,35,50,63,44,59,65,22,59,29,9,7,16,14,25
"92",11,22,17,31,48,45,48,62,12,2,30,5,4,6,5,22
"93",18,32,9,35,56,20,40,49,21,54,24,59,22,15,9,16
"94",52,40,41,45,51,61,53,58,9,45,47,16,39,28,50,41
"95",17,46,37,39,60,62,57,62,39,49,54,16,9,22,11,45
"96",45,52,41,52,50,60,53,60,24,54,34,64,17,19,12,23
"97",18,31,30,34,36,51,34,56,19,50,12,20,18,20,34,33
"98",1,1,1,2,65,59,60,65,13,64,51,34,51,29,34,30
"99",1,2,26,44,65,60,52,59,18,54,41,12,6,15,12,28
"100",42,17,25,44,54,46,31,58,20,42,26,44,13,8,33,26
"101",43,50,64,47,63,63,54,64,44,55,38,41,21,38,9,36
"102",6,16,13,15,27,32,45,40,5,47,50,54,7,40,52,57
"103",7,35,37,29,58,43,48,62,12,42,30,28,5,23,18,27
"104",42,35,36,38,58,56,61,61,16,47,30,38,5,22,14,47
"105",35,53,36,48,58,64,54,65,20,55,34,43,18,13,46,20
"106",14,3,27,18,50,47,47,61,48,49,44,43,10,34,12,27
"107",35,35,35,38,51,50,47,53,7,44,42,20,13,24,25,15
"108",30,32,47,43,64,60,47,51,4,36,7,5,18,20,18,16
"109",32,34,42,48,63,56,44,59,19,52,30,26,18,13,31,28
"110",11,35,46,20,57,60,55,29,2,6,15,12,8,11,39,28
"111",12,33,22,25,64,36,51,44,12,11,42,63,8,15,22,27
"112",25,33,32,22,53,55,29,47,9,1,15,6,4,12,7,11
"113",17,57,53,10,64,55,50,59,10,56,38,41,6,25,12,27
"114",26,26,22,34,65,60,47,56,25,57,13,10,4,37,26,34
"115",63,15,38,38,54,51,46,40,15,2,5,10,7,12,8,34
"116",15,5,6,16,54,55,58,55,7,4,24,6,4,5,2,14
"117",8,36,50,56,65,65,56,65,12,65,55,63,29,45,9,50
"118",18,35,26,38,54,47,45,48,37,46,34,5,11,26,6,31
"119",3,43,7,5,16,8,40,5,3,4,7,2,2,1,2,9
"120",23,38,11,43,49,27,34,61,16,2,24,56,26,17,11,26
"121",6,17,15,25,60,30,1,53,1,57,15,6,14,19,16,22
"122",19,35,31,43,62,57,48,55,19,53,47,21,5,12,9,22
"123",7,29,32,37,52,54,55,61,38,53,28,15,11,29,34,27
"124",11,31,45,44,61,44,44,57,9,51,42,20,23,24,11,30
"125",42,32,28,49,59,55,47,59,13,54,42,43,42,31,41,29
"126",32,26,15,20,64,60,44,56,6,34,15,19,12,9,15,26
"127",40,41,27,47,24,14,40,59,43,52,30,39,1,25,47,38
"128",20,42,56,43,60,51,45,54,24,3,44,36,12,30,22,53
"129",28,45,34,15,50,46,50,60,13,51,37,41,12,13,38,20
"130",12,43,37,29,38,43,47,52,42,7,27,16,15,23,7,29
"131",48,34,35,53,61,57,35,1,29,58,50,3,1,1,1,5
"132",50,33,26,48,54,53,40,57,22,56,12,28,5,18,17,22
"133",13,28,38,37,65,53,53,43,28,55,42,16,10,33,33,32
"134",30,35,36,37,64,50,54,63,9,56,19,9,6,18,11,30
"135",15,29,29,41,63,61,59,61,17,50,54,17,12,14,20,22
"136",8,31,30,39,51,57,61,57,21,53,10,11,4,11,10,17
"137",42,8,29,56,57,21,58,44,40,40,33,1,1,48,23,48
"138",38,45,47,49,65,54,51,60,26,9,11,52,5,25,29,47
"139",44,49,58,41,59,60,36,65,19,58,31,8,16,9,15,34
"140",51,39,16,28,58,56,55,60,19,52,43,46,26,20,33,34
"141",2,16,22,3,8,36,27,25,4,32,20,6,4,12,4,21
"142",34,47,17,31,63,52,42,64,18,55,18,21,3,10,6,14
"143",57,46,27,53,63,55,36,53,42,3,2,58,4,5,5,25
"144",59,46,22,51,50,60,48,65,28,63,19,64,5,34,7,20
"145",51,22,13,15,63,62,48,58,2,57,40,64,7,42,27,52
"146",4,60,48,7,22,12,11,33,3,4,3,18,1,2,2,3
"147",58,34,20,32,61,48,53,64,19,58,23,13,6,22,35,20
"148",3,23,17,43,59,60,49,64,9,42,26,21,28,21,23,13
"149",44,42,12,36,60,35,37,55,20,45,39,60,17,41,17,30
"150",16,44,25,43,47,50,58,58,9,49,13,17,6,21,13,18
"151",48,37,10,41,64,3,43,62,17,48,42,9,12,17,15,27
"152",44,43,22,49,54,60,49,61,38,52,25,52,7,22,57,35
"153",8,12,19,11,55,24,27,38,20,46,25,45,13,13,43,23
"154",23,35,43,39,57,65,49,64,28,61,13,17,5,13,14,19
"155",9,22,33,32,52,31,65,65,8,48,44,60,4,19,29,24
"156",42,20,18,15,61,50,53,56,10,3,2,40,4,23,19,27
"157",47,43,28,33,51,43,60,58,14,58,27,40,33,24,41,31
"158",30,35,31,50,61,60,53,52,13,61,28,22,5,18,7,23
"159",25,45,32,34,57,53,33,44,44,43,14,7,53,43,2,3
"160",26,44,19,34,54,40,51,56,13,59,11,40,9,7,7,27
"161",30,27,18,30,54,54,58,60,37,59,35,23,4,19,31,33
"162",19,30,15,24,54,61,58,60,15,2,14,60,19,34,52,43
"163",9,32,27,44,62,17,53,60,14,55,48,11,7,29,30,43
"164",44,65,19,40,54,58,48,65,14,50,49,56,22,24,22,25
"165",27,54,56,50,61,63,64,47,24,58,46,22,29,17,46,47
"166",18,31,35,47,45,54,53,60,19,38,30,18,8,18,9,33
"167",26,42,39,42,58,54,56,62,58,54,57,27,29,20,59,42
"168",32,23,10,32,55,52,41,45,8,53,47,11,11,9,8,37
"169",5,19,21,42,58,65,49,50,22,62,41,55,27,32,31,12
"170",35,31,39,40,27,41,25,41,21,28,38,29,18,23,46,33
"171",48,35,32,29,57,51,51,56,9,8,33,57,41,17,32,35
"172",13,21,20,18,62,30,43,44,4,51,8,19,7,34,2,3
"173",2,4,2,4,11,5,14,62,27,63,3,35,3,2,3,6
"174",32,39,42,54,58,64,56,65,34,52,37,50,26,23,8,49
"175",13,27,17,39,61,48,50,65,14,51,35,12,3,26,10,28
"176",58,5,20,49,64,61,53,63,22,62,47,1,1,44,12,17
"177",19,21,24,40,53,65,47,63,22,49,54,34,32,19,43,37
"178",12,33,29,50,64,35,54,32,24,1,46,20,18,48,46,17
"179",18,22,12,40,39,52,30,55,14,2,14,49,5,14,21,17
"180",33,33,31,33,60,41,55,62,15,52,24,33,10,18,12,49
"181",17,58,29,42,61,29,60,49,22,55,36,30,16,2,9,41
"182",7,1,39,42,45,10,1,36,22,37,41,38,3,1,1,23
"183",2,23,42,50,62,62,32,58,3,54,59,43,57,57,57,59
"184",11,3,23,28,63,46,47,62,20,5,2,8,6,34,6,22
"185",12,56,34,51,54,47,46,61,36,48,38,50,13,18,37,47
"186",18,14,20,30,59,51,52,40,10,48,28,15,5,22,8,11
"187",19,37,46,49,65,57,54,63,32,3,53,19,27,25,4,48
"188",4,35,27,47,57,59,64,63,12,51,18,37,18,28,9,53
"189",19,42,19,44,43,50,43,64,21,48,53,51,4,13,44,14
"190",40,33,14,47,60,56,50,59,17,54,37,28,31,34,55,45
"191",64,49,18,57,53,42,57,54,26,54,44,45,23,10,21,35
"192",8,23,33,48,56,59,37,57,16,53,11,43,3,5,12,17
"193",49,29,3,26,53,55,42,59,32,3,27,44,31,27,26,31
"194",36,32,47,43,46,58,51,63,13,4,22,47,46,43,31,41
"195",8,22,22,34,51,58,60,64,40,8,23,12,6,28,16,17
"196",24,46,41,32,51,60,34,62,29,61,37,65,6,26,27,37
"197",9,24,21,38,61,31,35,65,41,56,7,5,6,21,10,21
"198",58,43,44,31,65,59,47,61,26,57,27,61,52,29,7,24
"199",1,25,18,28,7,23,37,62,14,50,19,7,3,4,8,16
"200",24,35,15,4,43,42,42,49,3,29,3,3,2,2,1,2
"201",23,28,45,21,55,58,54,63,9,50,30,36,3,12,15,22
"202",13,42,14,51,56,52,44,58,13,41,45,32,4,11,10,23
"203",28,48,34,45,65,52,48,38,27,65,44,30,14,31,13,37
"204",16,37,39,21,56,52,54,59,27,57,26,50,8,13,8,28
"205",28,21,27,61,64,46,40,54,9,55,25,40,4,13,5,42
"206",32,35,38,56,64,36,48,59,30,57,15,7,5,11,5,30
"207",49,40,15,15,41,36,26,49,10,33,14,9,6,5,9,19
"208",58,19,34,55,60,32,40,56,16,8,41,64,11,21,22,27
"209",1,1,1,2,65,2,4,65,7,51,25,18,4,7,5,25
"210",20,43,28,46,46,62,61,61,36,54,47,38,19,27,25,46
"211",26,31,16,32,65,40,55,57,20,56,16,24,28,23,22,24
"212",44,37,6,23,39,37,36,59,8,53,37,52,25,13,19,31
"213",34,23,37,43,59,56,57,44,12,4,2,51,45,40,48,47
"214",10,24,19,46,63,54,53,64,14,57,37,7,10,24,14,33
"215",50,31,36,37,37,52,51,55,8,2,16,47,47,27,47,46
"216",20,8,6,18,7,48,59,25,36,4,12,39,4,13,32,19
"217",27,41,26,52,63,64,64,65,9,58,41,13,41,34,41,37
"218",41,23,49,18,46,53,35,42,33,59,39,9,48,12,17,43
"219",25,27,34,34,59,45,46,62,16,38,48,17,8,12,20,23
"220",11,25,34,34,61,61,42,65,9,52,15,59,4,14,9,26
"221",19,28,16,33,17,53,15,45,34,52,21,26,10,31,11,58
"222",20,44,16,14,60,50,45,65,42,23,31,54,10,33,32,14
"223",38,33,23,41,63,60,64,64,4,59,47,65,7,24,28,36
"224",51,57,35,63,61,57,61,62,49,40,53,61,29,45,35,33
"225",15,40,28,46,64,46,38,41,33,42,50,19,6,18,11,14
"226",45,6,1,37,63,65,56,64,32,53,43,63,3,2,2,45
"227",20,31,21,43,62,58,59,62,14,54,28,14,7,31,17,32
"228",24,53,31,23,60,64,62,63,2,53,33,36,45,22,27,34
"229",10,51,16,25,63,56,41,60,11,59,19,65,10,17,11,35
"230",31,54,28,26,54,50,52,50,6,5,4,3,2,3,2,22
"231",33,36,58,52,52,52,62,55,5,58,51,35,26,34,16,24
"232",34,32,31,36,62,51,48,64,10,59,34,22,8,19,23,37
"233",12,32,18,41,59,50,44,53,22,3,7,25,21,21,19,22
"234",14,30,25,36,35,11,29,56,6,29,35,3,9,4,2,4
"235",42,35,33,50,44,43,39,38,5,58,45,35,9,38,10,25
"236",47,29,20,22,45,44,49,65,12,45,20,3,1,5,10,15
"237",16,29,14,49,59,48,44,48,11,57,20,33,5,2,7,31
"238",37,56,42,40,54,55,61,65,15,1,2,18,5,20,21,16
"239",15,32,38,39,63,40,42,47,18,54,29,64,7,10,9,24
"240",18,20,36,27,63,40,48,56,13,59,46,17,5,15,42,20
"241",33,9,18,42,55,55,50,53,12,55,27,13,1,1,16,26
"242",24,37,3,3,58,46,46,64,38,53,52,7,4,16,7,25
"243",20,26,12,26,47,51,53,65,23,2,11,51,17,15,22,44
"244",22,27,24,36,63,21,31,62,9,47,14,8,11,16,9,23
"245",8,35,26,37,61,33,50,57,31,53,37,14,20,20,16,34
"246",51,52,32,39,47,46,37,59,44,56,12,38,15,30,49,38
"247",21,34,22,48,64,30,52,63,9,2,2,13,4,15,56,33
"248",24,20,23,38,65,42,32,62,16,55,49,46,4,32,10,45
"249",24,28,16,37,45,44,42,44,10,10,23,3,1,16,13,21
"250",17,26,31,29,62,40,43,36,16,50,16,9,9,15,12,18
"251",37,39,20,45,55,55,55,53,12,11,2,44,15,16,38,35
"252",19,33,36,47,64,55,46,56,29,56,28,14,17,20,10,38
"253",50,34,19,27,53,51,53,59,12,53,14,41,14,19,13,25
"254",32,31,20,19,45,28,30,29,13,41,16,42,8,16,26,31
"255",20,32,40,38,53,60,64,64,34,52,28,10,18,27,22,35
"256",44,18,15,42,53,56,51,54,28,49,34,52,14,25,7,17
"257",3,43,27,14,42,53,43,57,21,26,7,5,6,14,6,42
"258",61,30,24,42,52,53,41,62,47,4,18,64,7,15,35,24
"259",36,31,52,23,57,57,47,59,29,55,33,22,8,25,10,20
"260",16,23,27,47,61,48,59,65,19,56,46,8,6,18,7,23
"261",3,2,3,5,15,30,22,34,4,5,4,2,1,2,3,6
"262",55,27,47,18,64,60,53,60,19,50,41,45,12,16,2,12
"263",13,21,13,26,64,8,32,57,4,55,28,3,6,5,8,29
"264",20,1,1,17,65,58,40,62,16,44,23,8,10,6,7,7
"265",45,46,33,48,62,64,54,63,30,5,16,61,14,38,17,25
"266",37,37,38,44,43,55,59,62,40,55,56,43,13,6,28,41
"267",65,4,3,33,57,54,57,62,55,7,40,53,46,21,23,27
"268",27,41,37,40,50,60,48,61,9,54,39,6,18,21,38,15
"269",13,34,18,30,61,35,36,47,22,58,24,14,6,14,11,31
"270",1,14,19,41,59,43,49,62,16,47,32,30,7,48,4,15
"271",3,5,5,7,11,22,20,42,5,5,4,2,9,5,10,28
"272",15,34,21,29,65,45,41,62,13,35,16,14,9,14,8,28
"273",34,18,10,40,54,50,57,65,15,6,13,23,4,15,9,58
"274",2,5,5,12,60,22,7,1,1,59,6,1,20,23,2,53
"275",25,41,37,43,42,51,38,64,38,38,24,9,30,20,38,22
"276",8,35,15,25,57,45,42,59,14,52,20,15,8,13,5,18
"277",3,3,2,3,23,40,20,39,6,5,6,5,3,6,3,4
"278",16,31,39,33,1,1,51,65,21,56,46,11,12,52,9,36
"279",22,48,30,32,57,60,51,48,7,47,29,39,12,6,2,34
"280",30,3,53,31,63,61,28,56,20,51,42,45,6,33,9,24
"281",19,54,18,41,60,58,50,58,29,53,39,37,11,16,11,47
"282",55,63,29,45,61,64,65,57,26,52,24,30,11,45,51,26
"283",24,33,27,26,56,42,44,61,46,52,56,64,11,18,11,29
"284",47,37,25,48,63,58,59,63,40,60,19,53,24,9,28,37
"285",37,41,39,50,51,54,47,54,10,51,44,33,5,11,40,34
"286",13,1,47,30,64,54,42,54,13,49,43,4,7,26,21,31
"287",48,20,37,48,62,45,57,36,34,6,45,14,16,18,8,36
"288",7,24,14,37,55,50,46,57,26,49,33,9,3,6,23,40
"289",10,44,23,32,65,27,51,60,22,40,38,7,8,2,39,31
"290",28,46,26,36,59,58,59,56,23,1,1,28,26,33,14,46
"291",11,53,11,60,61,32,52,64,26,28,24,4,12,32,23,31
"292",46,31,43,16,1,5,46,58,10,55,58,3,7,32,37,26
"293",9,27,30,20,51,29,39,56,9,55,32,7,4,11,8,17
"294",46,32,16,44,64,55,39,55,16,56,38,29,17,7,53,17
"295",27,32,23,12,57,29,31,53,6,49,15,14,6,4,9,3
"296",1,1,1,2,54,37,43,56,11,46,34,19,5,17,7,38
"297",37,32,40,38,55,62,37,60,12,59,41,65,10,17,16,22
"298",1,1,21,6,48,22,43,13,8,17,8,23,3,36,8,8
"299",45,32,19,24,58,41,42,62,35,21,43,30,21,16,23,49
"300",9,45,19,31,58,4,29,49,10,44,36,32,7,17,24,25
"301",32,25,14,16,41,46,26,39,15,49,17,28,7,20,34,33
"302",36,26,27,20,50,63,57,63,8,55,37,56,36,44,58,23
"303",6,23,13,4,38,59,39,57,3,53,24,2,2,1,1,3
"304",7,27,48,55,42,37,53,57,22,57,16,21,11,14,5,10
"305",36,32,43,29,42,42,19,41,5,9,10,45,8,16,15,28
"306",40,27,44,29,59,43,45,60,15,3,8,33,41,31,13,27
"307",5,33,11,21,18,50,33,59,10,47,22,14,5,18,20,17
"308",31,13,30,8,29,33,40,52,4,56,26,7,4,4,4,6
"309",54,55,31,34,55,55,53,59,16,53,34,54,52,12,47,47
"310",3,3,36,40,55,62,59,61,20,57,54,21,18,36,25,39
"311",45,48,32,27,38,51,63,58,17,53,35,42,37,39,13,29
"312",31,42,22,45,62,52,11,40,23,54,24,39,7,18,20,53
"313",23,30,27,40,63,33,33,65,11,46,41,11,5,7,10,17
"314",5,32,39,24,57,52,60,64,19,2,6,62,8,10,3,39
"315",37,57,48,45,55,62,60,54,42,54,33,53,29,12,10,27
"316",12,25,22,17,62,50,43,41,9,58,15,11,7,8,7,12
"317",24,25,19,34,62,42,42,58,25,59,46,34,15,16,17,39
"318",2,24,31,55,29,15,37,19,34,19,21,2,2,3,1,9
"319",41,39,30,31,57,49,60,62,33,56,46,33,8,15,4,46
"320",10,37,24,26,63,50,53,61,13,55,36,3,6,8,12,15
"321",7,39,39,37,61,35,47,46,10,55,18,45,12,10,13,29
"322",25,28,30,42,63,63,57,64,14,56,44,26,49,14,44,50
"323",40,41,53,51,44,60,38,63,14,58,45,45,53,30,38,34
"324",30,32,33,35,2,22,39,37,5,60,26,10,5,14,19,30
"325",33,2,24,26,3,3,55,65,10,56,49,21,4,33,49,49
"326",27,10,22,33,59,60,47,61,35,49,43,59,32,24,28,35
"327",25,32,36,25,57,52,29,18,8,41,29,4,6,12,36,25
"328",45,37,39,15,61,36,40,26,13,48,23,18,8,22,37,32
"329",38,46,20,36,51,43,56,51,24,55,31,59,20,15,16,31
"330",17,33,29,18,59,50,61,65,21,44,9,12,5,19,22,10
"331",51,51,20,23,48,49,50,60,29,50,15,44,31,14,40,25
"332",30,38,15,17,64,53,56,63,24,56,30,31,13,11,46,40
"333",47,42,51,53,52,56,59,53,17,48,45,50,10,18,24,9
"334",38,54,49,50,63,62,54,61,10,35,13,42,43,14,16,56
"335",44,41,42,25,37,36,44,50,13,59,29,16,48,13,6,31
"336",14,31,41,35,65,61,62,65,19,49,56,61,8,15,21,24
"337",44,33,21,41,63,57,55,61,16,54,37,51,17,25,12,40
"338",40,34,42,24,54,59,45,51,19,55,42,53,44,19,20,25
"339",38,23,28,25,62,41,35,57,35,48,52,15,14,36,43,36
"340",12,24,15,25,57,39,60,60,14,47,42,7,5,11,19,15
"341",13,47,23,30,32,27,32,58,15,2,5,48,11,20,21,31
"342",29,33,34,33,58,60,60,59,20,53,40,64,12,28,34,30
"343",15,27,37,49,60,53,64,65,25,49,35,60,31,23,8,28
"344",28,50,31,24,63,65,64,64,34,53,40,61,11,30,21,40
"345",15,31,24,44,50,58,48,49,8,47,24,3,12,3,2,3
"346",61,32,3,45,63,61,44,62,46,54,49,64,5,28,10,35
"347",50,42,35,50,52,51,44,61,23,54,31,17,29,28,44,31
"348",49,38,37,61,61,64,38,57,30,52,29,35,12,28,52,42
"349",28,56,46,39,36,54,45,64,53,56,40,19,54,35,46,47
"350",43,48,2,53,65,65,63,65,23,61,53,13,7,28,27,30
"351",37,52,36,53,57,65,62,65,52,59,44,61,7,17,45,39
"352",1,4,35,34,62,56,55,60,19,50,31,41,4,16,6,41
"353",15,15,16,28,63,46,48,56,14,47,43,36,5,24,15,14
"354",9,49,26,35,53,37,36,56,27,47,27,7,4,6,4,21
"355",21,38,39,35,58,59,53,63,10,52,45,46,10,7,11,24
"356",10,15,16,18,55,62,62,40,7,49,21,35,23,11,40,16
"357",53,36,37,50,60,56,60,65,38,22,39,57,35,42,57,44
"358",21,37,29,19,61,35,47,63,10,51,14,21,34,48,42,26
"359",55,27,46,30,1,1,1,1,19,58,45,58,8,15,53,20
"360",44,46,33,28,50,62,55,59,34,58,47,40,37,38,50,53
"361",21,37,41,44,49,51,45,51,12,45,40,24,14,9,28,39
"362",8,17,15,24,55,56,37,64,7,7,37,55,52,13,10,20
"363",2,40,41,29,48,17,29,52,15,49,24,23,5,11,16,22
"364",49,26,24,36,62,54,50,58,30,58,43,5,6,12,9,37
"365",14,31,17,25,53,55,40,52,8,36,25,10,13,9,31,24
"366",48,44,25,52,54,58,54,58,17,43,46,30,11,23,44,36
"367",31,30,41,44,60,65,60,64,11,45,30,58,10,50,48,26
"368",45,37,29,46,48,52,58,61,12,49,19,24,3,8,39,51
"369",19,42,20,33,65,44,43,57,56,42,46,49,42,9,24,38
"370",38,53,42,46,40,48,58,55,22,34,41,25,41,16,8,29
"371",11,27,37,30,2,46,41,64,27,59,26,39,15,8,33,27
"372",41,31,4,16,50,47,42,53,23,9,11,10,8,6,6,35
"373",24,36,9,20,57,15,43,42,12,44,11,17,6,11,7,17
"374",16,29,26,28,60,61,50,64,21,57,46,14,16,20,14,36
"375",35,54,54,39,65,48,57,62,28,60,55,64,8,24,24,36
"376",15,32,22,35,65,59,55,63,29,48,39,18,9,13,9,27
"377",55,42,41,55,39,42,51,59,21,57,41,25,29,21,17,32
"378",64,11,15,57,62,25,60,59,19,1,20,21,41,24,61,32
"379",16,11,19,18,65,48,49,58,14,47,34,13,4,14,12,17
"380",22,37,21,38,61,48,1,56,14,52,41,21,12,8,9,34
"381",21,34,28,31,65,43,39,60,25,62,41,21,8,29,19,38
"382",4,4,6,3,27,15,15,19,3,5,3,2,2,4,2,3
"383",52,39,22,35,52,60,39,62,8,51,35,60,10,26,48,40
"384",4,55,33,62,56,64,50,57,4,6,10,3,2,3,2,6
"385",19,34,41,18,65,63,50,62,11,49,36,30,5,28,57,39
"386",12,19,21,10,43,22,36,51,5,40,11,12,7,21,13,20
"387",31,45,25,43,51,54,55,55,18,1,33,16,7,25,16,26
"388",53,22,21,46,52,55,44,58,13,30,41,46,11,23,23,34
"389",2,41,3,3,11,9,9,3,3,50,4,2,2,2,3,63
"390",1,36,30,23,42,39,37,49,25,46,21,43,24,19,10,35
"391",1,1,27,32,49,61,58,54,37,1,1,39,41,24,49,18
"392",3,1,21,46,65,47,29,56,19,58,35,56,11,15,11,27
"393",25,25,27,39,60,45,43,4,7,5,3,3,4,2,3,4
"394",1,21,22,36,61,62,53,62,43,60,37,60,19,25,54,21
"395",17,27,15,28,49,59,14,1,8,32,39,54,3,22,40,26
"396",8,27,20,27,61,42,56,62,21,56,25,6,39,15,11,34
"397",34,37,25,41,1,1,47,45,13,47,41,30,21,25,10,25
"398",11,20,29,23,55,32,49,50,9,38,32,9,5,10,10,25
"399",48,21,19,50,60,52,51,63,36,51,12,9,8,20,44,21
"400",38,28,21,15,46,45,24,11,9,35,17,36,7,12,15,31
"401",35,38,26,38,53,37,52,39,18,34,19,23,33,35,21,25
"402",49,27,26,54,52,43,51,62,43,21,50,29,2,4,39,12
"403",64,33,45,49,62,62,44,60,13,35,41,48,17,14,29,49
"404",13,46,46,46,61,61,51,61,13,54,23,61,18,34,34,39
"405",20,31,41,38,64,63,49,63,26,63,21,12,12,21,11,34
"406",55,26,17,26,65,63,56,57,36,54,60,6,5,23,11,38
"407",30,28,25,26,56,54,59,53,25,60,28,21,11,19,18,43
"408",46,42,37,45,56,52,48,56,7,47,47,53,7,24,23,41
"409",36,28,31,34,65,43,34,50,18,52,35,7,6,12,9,34
"410",17,41,13,10,63,26,46,39,9,62,6,8,3,10,11,24
"411",39,38,44,46,64,64,55,51,14,31,16,49,19,1,6,41
"412",2,27,40,42,65,56,64,62,56,47,48,5,1,1,14,65
"413",12,7,12,33,65,41,43,62,8,56,8,6,8,8,14,22
"414",49,45,42,55,62,32,49,53,25,52,28,3,4,4,7,9
"415",46,39,1,28,63,38,51,63,20,2,1,41,38,16,9,30
"416",8,36,45,17,46,45,49,60,10,2,4,60,4,8,5,12
"417",37,15,18,41,43,43,8,58,18,58,22,38,3,6,5,15
"418",21,60,34,39,45,44,53,59,29,53,34,20,22,5,21,8
"419",28,38,44,37,63,40,44,57,35,7,34,14,24,16,41,23
"420",2,2,1,9,62,54,44,64,28,51,49,2,41,24,38,47
"421",26,50,46,62,65,33,47,57,21,60,51,36,3,1,24,34
"422",24,40,18,40,41,42,50,39,35,58,38,9,10,44,39,34
"423",26,28,38,40,50,65,24,64,9,61,29,14,9,14,18,27
"424",20,28,15,24,29,37,21,40,28,48,14,22,31,19,15,28
"425",14,21,16,44,60,47,52,64,10,49,45,5,5,11,4,27
"426",27,20,39,38,65,55,65,53,13,61,16,65,6,39,45,40
"427",34,51,43,49,2,1,63,30,34,62,50,1,7,23,38,47
"428",25,36,32,42,61,62,48,62,43,3,10,40,54,1,29,40
"429",22,40,43,40,40,35,37,55,18,49,12,6,6,14,8,33
"430",17,26,25,21,64,61,59,55,19,3,14,22,15,27,23,23
"431",18,37,23,41,56,60,62,63,18,50,32,59,12,22,51,19
"432",41,36,10,18,56,51,47,55,12,4,7,16,14,12,11,17
"433",49,47,22,43,63,64,59,54,6,54,31,1,1,1,23,23
"434",21,56,49,29,65,55,48,53,60,57,33,61,21,29,39,38
"435",4,36,23,43,60,57,63,64,27,49,43,22,3,33,34,46
"436",1,18,30,20,63,55,57,54,25,59,21,64,9,16,10,29
"437",41,61,29,43,59,39,37,64,5,14,22,4,8,5,7,34
"438",28,30,28,37,58,57,53,64,20,58,45,8,6,17,10,20
"439",36,41,53,50,65,59,64,64,35,62,54,63,21,58,57,56
"440",42,33,42,61,56,57,57,51,31,48,50,46,18,30,24,41
"441",43,11,23,27,54,57,40,62,8,16,6,2,13,13,42,38
"442",54,34,45,35,58,61,56,62,10,46,30,37,19,40,4,15
"443",16,35,13,7,18,20,13,8,7,14,19,7,8,10,7,18
"444",37,48,16,30,32,25,26,11,11,35,18,30,13,7,28,36
"445",46,31,8,32,48,48,39,58,20,56,7,30,3,11,3,16
"446",52,40,27,49,52,51,47,61,20,58,34,48,60,14,49,43
"447",58,46,26,47,63,55,62,65,42,2,20,31,8,17,55,34
"448",16,33,19,27,55,50,50,65,30,54,60,43,7,27,8,25
"449",18,37,33,46,61,23,30,52,10,54,24,12,5,22,6,31
"450",23,30,38,50,57,58,60,61,38,52,18,28,4,21,7,29
"451",10,45,20,44,60,55,57,63,14,3,42,5,34,13,14,29
"452",45,36,25,50,52,59,54,63,10,42,50,36,13,16,8,30
"453",15,40,21,28,55,57,59,58,26,56,33,63,5,18,7,28
"454",32,30,11,47,49,46,49,59,19,55,27,16,39,22,47,45
"455",44,29,45,52,57,61,51,52,32,45,35,16,38,48,46,33
"456",18,45,40,33,65,52,38,49,12,54,43,22,6,18,35,43
"457",41,36,17,44,57,55,49,56,13,45,33,14,24,8,9,33
"458",44,50,14,51,31,36,39,65,9,39,28,18,5,1,4,20
"459",38,53,42,58,61,62,42,63,23,59,53,31,36,60,62,35
"460",18,25,43,46,51,54,55,60,7,45,25,19,19,19,36,50
"461",13,34,35,30,59,42,33,62,9,53,20,8,35,27,50,48
"462",54,35,21,41,55,20,42,52,45,32,39,12,36,40,23,6
"463",21,18,23,51,52,38,57,62,17,53,42,48,7,12,45,38
"464",6,10,5,3,27,37,20,38,4,5,5,2,3,2,5,3
"465",43,39,31,60,63,13,36,8,33,55,49,1,1,2,1,3
"466",16,35,17,40,63,46,52,64,24,56,25,11,7,14,43,32
"467",20,45,17,33,43,50,56,61,33,49,40,46,8,12,7,30
"468",26,39,23,33,62,56,61,65,34,51,40,60,23,23,29,31
"469",29,42,14,20,63,18,36,44,24,11,17,19,14,15,29,23
"470",16,22,39,31,47,27,61,63,6,43,7,6,12,9,8,9
"471",39,4,20,25,55,2,54,49,35,51,41,15,6,20,46,35
"472",41,25,10,42,54,57,53,63,21,50,8,4,6,30,30,30
"473",32,45,32,37,58,48,45,59,35,47,40,46,4,23,36,28
"474",6,28,29,25,61,21,36,61,8,54,24,9,5,9,9,39
"475",1,42,20,24,65,38,51,57,16,63,33,3,1,13,24,29
"476",16,33,13,1,55,51,41,51,34,58,34,53,4,16,13,39
"477",9,21,26,27,65,56,39,63,10,9,28,10,14,29,10,24
"478",4,26,36,5,44,53,32,51,31,3,3,6,5,18,18,21
"479",1,1,1,2,38,49,37,62,10,1,3,1,1,1,1,2
"480",49,48,26,26,37,40,45,60,13,54,10,62,5,24,10,25
"481",10,37,32,39,57,55,58,57,8,51,47,31,56,17,40,35
"482",28,29,29,36,48,39,54,63,26,51,36,38,11,19,36,36
"483",12,32,45,44,54,53,47,59,8,57,37,13,7,4,4,20
"484",16,54,14,52,63,61,56,63,16,47,38,30,26,10,10,27
"485",41,49,7,29,43,42,41,51,14,45,13,59,61,43,1,44
"486",18,38,31,33,63,47,46,54,34,51,52,20,10,15,14,25
"487",9,39,23,26,62,39,39,62,9,55,41,12,9,20,7,30
"488",16,31,31,33,64,62,57,30,49,53,57,9,9,19,22,31
"489",32,39,31,49,59,62,58,54,1,62,34,40,13,23,13,34
"490",19,44,51,18,1,2,47,57,23,35,23,17,8,35,26,32
"491",20,17,11,33,45,30,49,44,20,2,5,28,8,21,22,21
"492",26,32,26,29,41,60,25,62,18,41,25,8,19,1,1,6
"493",38,46,12,12,54,40,43,47,4,50,36,13,17,5,16,10
"494",9,38,27,40,61,33,53,61,10,57,19,62,4,8,4,24
"495",23,1,38,50,62,59,61,65,32,60,52,20,11,36,18,25
"496",28,36,16,39,62,30,48,55,11,54,30,12,4,27,22,24
"497",8,26,24,9,10,5,5,24,16,7,8,3,6,1,2,3
"498",9,31,30,32,65,64,58,65,16,57,10,63,17,10,6,19
"499",40,30,28,25,65,59,45,39,32,63,12,11,6,40,13,27
"500",59,15,25,46,63,55,22,56,10,51,41,52,11,26,36,60
"501",37,62,39,56,63,65,65,65,15,61,42,50,63,26,55,49
"502",18,46,9,20,59,44,54,52,37,54,9,7,5,22,14,32
"503",53,29,12,29,52,55,45,61,18,11,32,35,6,21,18,28
"504",39,3,28,23,48,26,40,48,11,51,15,37,5,11,6,19
"505",35,23,16,27,48,36,56,57,21,36,25,19,9,24,15,33
"506",41,18,41,22,51,39,63,53,52,7,5,27,27,43,62,53
"507",58,1,40,47,60,64,54,65,28,2,24,61,5,43,25,34
"508",21,56,49,24,64,61,52,60,19,59,38,51,24,22,17,53
"509",43,30,19,28,57,42,53,60,10,45,45,55,3,15,5,25
"510",49,34,26,45,64,65,61,65,17,57,56,64,14,40,10,45
"511",32,35,26,42,60,61,62,60,10,58,38,17,4,30,44,32
"512",28,36,43,36,65,57,62,65,38,61,45,64,6,24,21,35
"513",51,26,25,45,64,51,51,60,30,56,40,53,3,1,24,47
"514",25,44,28,48,62,52,42,59,8,49,43,32,30,32,17,35
"515",62,43,42,54,64,64,59,64,48,60,40,41,55,41,53,45
"516",2,6,3,24,45,24,30,27,3,39,3,2,3,4,4,4
"517",7,27,16,35,62,62,54,54,16,5,37,47,16,18,6,19
"518",22,24,11,11,43,61,25,41,12,4,7,17,4,23,9,29
"519",22,37,16,48,40,51,51,64,10,55,28,28,10,12,39,27
"520",22,43,27,33,48,43,40,35,26,56,32,61,5,16,11,19
"521",34,44,35,50,58,61,63,64,36,59,43,34,17,54,62,40
"522",47,36,31,50,58,57,37,59,3,9,34,59,8,57,11,18
"523",46,40,19,43,43,52,42,58,21,50,28,31,4,9,9,31
"524",29,40,36,29,65,34,37,58,28,59,36,15,9,23,17,31
"525",21,38,26,30,63,34,58,58,20,55,30,13,13,21,31,17
"526",33,1,26,44,56,41,54,65,25,50,38,15,13,29,45,42
"527",49,21,22,49,61,48,54,64,24,46,32,33,2,11,26,30
"528",12,30,17,35,61,33,34,52,13,45,36,21,6,22,7,23
"529",35,28,48,44,33,49,55,52,20,43,37,31,42,32,2,27
"530",25,23,25,15,58,31,48,46,22,55,33,6,4,11,11,19
"531",10,26,25,29,56,52,50,62,12,52,33,5,3,8,1,22
"532",47,36,14,28,53,43,47,18,2,49,25,59,5,17,16,18
"533",32,42,18,32,60,57,2,63,20,51,45,3,1,2,62,31
"534",42,47,17,49,49,55,36,59,17,42,46,44,6,31,30,39
"535",33,42,31,39,45,44,44,33,6,49,31,22,19,14,7,37
"536",32,35,24,23,63,57,60,65,13,58,44,64,6,22,14,32
"537",62,49,26,55,59,57,61,64,6,54,40,50,28,11,51,32
"538",29,48,36,44,65,63,63,64,16,4,32,11,6,30,12,30
"539",2,1,38,44,65,60,45,65,37,59,52,33,13,47,56,27
"540",15,1,15,32,62,13,36,12,30,59,12,8,6,21,8,47
"541",48,25,39,31,50,9,24,14,9,48,23,5,22,15,5,35
"542",33,38,13,23,58,53,49,64,15,58,34,11,8,22,10,28
"543",22,36,50,56,65,48,45,58,59,61,47,35,28,39,39,46
"544",2,1,41,24,64,50,46,61,17,58,37,6,10,16,19,29
"545",22,43,29,49,63,64,58,65,34,52,45,60,18,22,59,26
"546",20,34,22,33,58,40,36,52,11,30,31,25,7,18,28,9
"547",16,59,47,58,65,64,60,65,57,49,10,47,15,4,4,15
"548",48,50,20,37,63,29,56,64,16,51,42,56,11,30,14,30
